file,topic,label,size_mb,directed,multigraph,nodes,unique_node_ids,duplicate_node_ids,edges,unique_edge_pairs,self_loops,missing_edge_endpoints,node_attr_dim,edge_attr_dim,density,mean_total_degree,std_total_degree,max_total_degree,reciprocity,weak_components,largest_weak_component_nodes,largest_weak_component_fraction,timestamps_present,timestamps_missing,timestamp_coverage,unique_timestamps,timestamps_non_decreasing_in_file,timestamp_start_utc,timestamp_end_utc,duration_hours,interaction_count_sum,interaction_count_mean,interaction_count_max
#ARMvTUR_noncampaign_fulldata.json,#ARMvTUR,noncampaign,73.376,True,False,3405,3405,0,3769,3769,58,0,772,776,0.0003201726913659494,2.2138032305433186,20.053338209571955,1027,0.0053893829156561575,142,2596,0.7624082232011747,3769,0,1.0,3346,False,2023-03-25T11:01:55+00:00,2023-03-26T03:59:22+00:00,16.9575,4869.0,1.2918546033430618,190.0
#Afittifakı___2023-05-23_campaign_fulldata.json,#Afittifakı,campaign,18.368,True,False,288,288,0,1102,1102,4,0,772,776,0.01328397212543554,7.652777777777778,15.47929595928257,146,0.030965391621129327,1,288,1.0,1102,0,1.0,1090,False,2023-05-23T04:00:53+00:00,2023-05-24T03:39:15+00:00,23.639444444444443,1703.0,1.5453720508166968,14.0
#AsstanHekimeKalıcıNakil___2023-03-18_campaign_fulldata.json,#AsstanHekimeKalıcıNakil,campaign,24.113,True,False,420,420,0,1398,1398,7,0,772,776,0.007904307307648597,6.6571428571428575,15.165800229418805,108,0.18691588785046728,12,377,0.8976190476190476,1398,0,1.0,1333,False,2023-03-18T21:02:57+00:00,2023-03-19T03:59:03+00:00,6.935,2562.0,1.832618025751073,26.0
#BeşiktaşınMaçıVar_noncampaign_fulldata.json,#BeşiktaşınMaçıVar,noncampaign,116.843,True,False,4735,4735,0,6188,6188,102,0,772,776,0.00027150867547396913,2.6137275607180572,18.054829713071666,971,0.018402891883010187,155,4010,0.8468848996832101,6188,0,1.0,5921,False,2023-05-20T04:34:25+00:00,2023-05-22T03:58:25+00:00,47.4,7100.0,1.1473820297349708,18.0
#BirOyKemaleBirOyMerale___2023-05-13_campaign_fulldata.json,#BirOyKemaleBirOyMerale,campaign,16.178,True,False,815,815,0,800,800,14,0,772,776,0.0011847876878551724,1.9631901840490797,9.236556850946274,235,0.010178117048346057,59,527,0.6466257668711657,800,0,1.0,785,False,2023-05-13T07:38:12+00:00,2023-05-14T03:58:22+00:00,20.336111111111112,948.0,1.185,9.0
#BugünGünlerdenGALATASARAY_noncampaign_fulldata.json,#BugünGünlerdenGALATASARAY,noncampaign,140.359,True,False,5496,5496,0,7498,7498,94,0,772,776,0.00024516134159279374,2.7285298398835516,29.26792663600888,2057,0.015937331172339277,154,4412,0.8027656477438136,7498,0,1.0,7019,False,2023-04-30T04:00:17+00:00,2023-05-01T03:53:10+00:00,23.88138888888889,8223.0,1.0966924513203522,12.0
#ChampionsLeague_noncampaign_fulldata.json,#ChampionsLeague,noncampaign,12.781,True,False,631,631,0,619,619,23,0,772,776,0.0014992579176414359,1.9619651347068146,6.729678238733459,111,0.0,96,114,0.18066561014263074,619,0,1.0,607,False,2023-05-09T07:49:15+00:00,2023-05-10T03:55:40+00:00,20.106944444444444,664.0,1.072697899838449,4.0
#Çarşamba_noncampaign_fulldata.json,#Çarşamba,noncampaign,119.259,True,False,4961,4961,0,6187,6187,69,0,772,776,0.0002486328848892328,2.4942551904857893,14.960500881665096,710,0.0032690421706440013,207,3932,0.79258214069744,6187,0,1.0,5856,False,2023-03-22T04:23:42+00:00,2023-03-23T03:58:30+00:00,23.58,7068.0,1.1423953450783901,11.0
#ErdenTimurSezonu_noncampaign_fulldata.json,#ErdenTimurSezonu,noncampaign,88.761,True,False,3422,3422,0,4809,4809,25,0,772,776,0.0004086561993504212,2.8106370543541788,14.729167031076328,472,0.0020903010033444815,68,3103,0.9067796610169492,4809,0,1.0,4649,False,2023-04-24T04:00:23+00:00,2023-04-25T03:58:31+00:00,23.968888888888888,5723.0,1.1900603035974215,18.0
#Eurovision2023_noncampaign_fulldata.json,#Eurovision2023,noncampaign,35.319,True,False,1477,1477,0,1785,1785,75,0,772,776,0.0007843849596248163,2.4170616113744074,8.57572466435841,145,0.007017543859649123,161,890,0.6025727826675694,1785,0,1.0,1739,False,2023-05-09T06:00:37+00:00,2023-05-10T03:55:56+00:00,21.921944444444446,1998.0,1.119327731092437,17.0
#FetöİleUluslararasıMücadele___2023-04-12_campaign_fulldata.json,#FetöİleUluslararasıMücadele,campaign,32.026,True,False,1139,1139,0,1741,1741,8,0,772,776,0.001337003599803114,3.057067603160667,11.152911587542452,217,0.001154068090017311,38,1030,0.9043020193151887,1741,0,1.0,1705,False,2023-04-12T13:38:17+00:00,2023-04-13T03:58:27+00:00,14.33611111111111,3189.0,1.8317059161401494,14.0
#FlokiCash___2023-04-12_campaign_fulldata.json,#FlokiCash,campaign,14.421,True,False,584,584,0,745,745,9,0,772,776,0.0021617049272774267,2.5513698630136985,7.8820998549546,105,0.024456521739130436,48,270,0.4623287671232877,745,0,1.0,728,False,2023-04-12T06:43:15+00:00,2023-04-13T03:47:03+00:00,21.063333333333333,1146.0,1.538255033557047,34.0
#GüldürGüldürShow_noncampaign_fulldata.json,#GüldürGüldürShow,noncampaign,114.278,True,False,4923,4923,0,6089,6089,26,0,772,776,0.00025021660264538747,2.4736949014828356,13.48725403586433,440,0.002309087910275441,121,4427,0.8992484257566524,6089,0,1.0,5876,False,2023-03-26T04:00:12+00:00,2023-03-27T03:56:43+00:00,23.941944444444445,6738.0,1.1065856462473314,37.0
#HaramBahçeKollanıyor_noncampaign_fulldata.json,#HaramBahçeKollanıyor,noncampaign,81.439,True,False,2880,2880,0,4468,4468,17,0,772,776,0.0005368135154953494,3.102777777777778,13.746130488070515,416,0.0008986744551786115,55,2549,0.8850694444444445,4468,0,1.0,4344,False,2023-04-20T04:00:00+00:00,2023-04-21T03:59:01+00:00,23.98361111111111,5393.0,1.2070277529095792,17.0
#KadıköydeHaramPenaltılar_noncampaign_fulldata.json,#KadıköydeHaramPenaltılar,noncampaign,136.963,True,False,4661,4661,0,7419,7419,52,0,772,776,0.000339176418698487,3.1834370306801114,14.09081223157025,357,0.003257771141577304,105,4318,0.9264106414932418,7419,0,1.0,7046,False,2023-04-16T04:00:09+00:00,2023-04-17T03:59:19+00:00,23.98611111111111,8501.0,1.145841757649279,19.0
#KalıcıNakilŞart___2023-03-24_campaign_fulldata.json,#KalıcıNakilŞart,campaign,16.734,True,False,235,235,0,966,966,10,0,772,776,0.017384979087106747,8.221276595744682,14.810647925979625,85,0.1799163179916318,6,155,0.6595744680851063,966,0,1.0,913,False,2023-03-24T09:13:07+00:00,2023-03-25T03:51:33+00:00,18.640555555555554,2246.0,2.3250517598343685,15.0
#KayıpCanlarımızNerede___2023-05-13_campaign_fulldata.json,#KayıpCanlarımızNerede,campaign,14.731,True,False,632,632,0,782,782,9,0,772,776,0.001938353828562258,2.4746835443037973,16.645769359152002,404,0.00258732212160414,6,622,0.9841772151898734,782,0,1.0,776,False,2023-05-13T04:00:03+00:00,2023-05-14T03:43:01+00:00,23.71611111111111,1069.0,1.367007672634271,28.0
#KocaAsistnHekimeSahipÇık___2023-03-21_campaign_fulldata.json,#KocaAsistnHekimeSahipÇık,campaign,14.881,True,False,405,405,0,813,813,10,0,772,776,0.004907712993521575,4.014814814814815,13.140260544902779,213,0.149439601494396,15,247,0.6098765432098765,813,0,1.0,799,False,2023-03-21T19:06:04+00:00,2023-03-22T03:46:02+00:00,8.66611111111111,1581.0,1.944649446494465,21.0
#LunaticsToken___2023-03-17_campaign_fulldata.json,#LunaticsToken,campaign,26.552,True,False,949,949,0,1361,1361,18,0,772,776,0.0014927994380049174,2.868282402528978,10.250525458803393,178,0.005956813104988831,44,382,0.40252897787144365,1361,0,1.0,1323,False,2023-03-17T04:00:09+00:00,2023-03-18T03:57:36+00:00,23.9575,1798.0,1.3210874357090374,12.0
#MayThe4thBeWithYou_noncampaign_fulldata.json,#MayThe4thBeWithYou,noncampaign,17.832,True,False,885,885,0,829,829,26,0,772,776,0.0010264079556203186,1.8734463276836157,5.991125828072487,145,0.0049813200498132005,128,309,0.34915254237288135,829,0,1.0,817,False,2023-05-04T07:00:05+00:00,2023-05-05T03:34:40+00:00,20.57638888888889,882.0,1.0639324487334139,7.0
#Mazi__2023-03-26_campaign_fulldata.json,#Mazi,campaign,24.246,True,False,1255,1255,0,1307,1307,5,0,772,776,0.0008273127585352371,2.0828685258964144,31.12052629233314,1101,0.0015360983102918587,17,1213,0.9665338645418327,1307,0,1.0,1111,False,2023-03-26T04:04:06+00:00,2023-03-27T03:57:05+00:00,23.883055555555554,1320.0,1.009946442234124,5.0
#MetaAirdrop___2023-03-23_campaign_fulldata.json,#MetaAirdrop,campaign,12.645,True,False,498,498,0,485,485,242,0,772,776,0.000981794380742285,1.9477911646586346,5.037339007618302,108,0.00823045267489712,257,128,0.2570281124497992,485,0,1.0,484,False,2023-03-23T04:01:14+00:00,2023-03-24T03:58:19+00:00,23.95138888888889,559.0,1.1525773195876288,5.0
#Metatime___2023-03-22_campaign_fulldata.json,#Metatime,campaign,32.939,True,False,1590,1590,0,1603,1603,211,0,772,776,0.0005509576451310306,2.016352201257862,28.59935319278682,1139,0.0,208,1308,0.8226415094339623,1603,0,1.0,1550,False,2023-03-22T04:02:43+00:00,2023-03-23T03:59:53+00:00,23.95277777777778,1895.0,1.182158452900811,7.0
#MilanInter_noncampaign_fulldata.json,#MilanInter,noncampaign,29.183,True,False,1390,1390,0,1468,1468,31,0,772,776,0.0007442857808785369,2.112230215827338,11.308190578639362,303,0.016701461377870562,116,855,0.6151079136690647,1468,0,1.0,1394,False,2023-05-10T12:28:44+00:00,2023-05-11T03:58:36+00:00,15.497777777777777,1814.0,1.2356948228882834,12.0
#PerinçekCNNde___2023-03-18_campaign_fulldata.json,#PerinçekCNNde,campaign,30.264,True,False,546,546,0,1677,1677,8,0,772,776,0.005608764324360654,6.142857142857143,18.664909837339213,267,0.013181545835829839,9,509,0.9322344322344323,1677,0,1.0,1513,False,2023-03-18T21:45:25+00:00,2023-03-19T03:30:42+00:00,5.754722222222222,2373.0,1.4150268336314848,8.0
#RealMadridManCity_noncampaign_fulldata.json,#RealMadridManCity,noncampaign,9.094,True,False,468,468,0,427,427,25,0,772,776,0.001839345522429034,1.8247863247863247,7.34172487223827,146,0.0,77,154,0.32905982905982906,427,0,1.0,420,False,2023-05-09T18:35:35+00:00,2023-05-10T03:22:35+00:00,8.783333333333333,490.0,1.1475409836065573,7.0
#ReisAiledekiEkDersliyeMüjde___2023-04-12_campaign_fulldata.json,#ReisAiledekiEkDersliyeMüjde,campaign,34.079,True,False,345,345,0,2049,2049,25,0,772,776,0.017054263565891473,11.878260869565217,21.659612248896025,190,0.11363636363636363,9,258,0.7478260869565218,2049,0,1.0,1966,False,2023-04-12T04:15:31+00:00,2023-04-13T02:28:06+00:00,22.209722222222222,6459.0,3.152269399707174,48.0
#SesimiziDuyanVarMi___2023-03-23_campaign_fulldata.json,#SesimiziDuyanVarMi,campaign,24.535,True,False,356,356,0,1435,1435,8,0,772,776,0.011291343567020098,8.061797752808989,17.64193169897944,171,0.19341275402943237,8,172,0.48314606741573035,1435,0,1.0,1314,False,2023-03-23T14:47:14+00:00,2023-03-24T03:44:56+00:00,12.961666666666666,2740.0,1.9094076655052266,14.0
#SesimiziDuyanVarMı___2023-03-23_campaign_fulldata.json,#SesimiziDuyanVarMı,campaign,24.535,True,False,356,356,0,1435,1435,8,0,772,776,0.011291343567020098,8.061797752808989,17.64193169897944,171,0.19341275402943237,8,172,0.48314606741573035,1435,0,1.0,1314,False,2023-03-23T14:47:14+00:00,2023-03-24T03:44:56+00:00,12.961666666666666,2740.0,1.9094076655052266,14.0
#SquidGrow___2023-05-13_campaign_fulldata.json,#SquidGrow,campaign,17.132,True,False,273,273,0,918,918,12,0,772,776,0.01220103425985779,6.725274725274725,11.793770567207304,69,0.1346578366445916,11,253,0.9267399267399268,918,0,1.0,915,False,2023-05-13T04:03:06+00:00,2023-05-14T03:52:00+00:00,23.815,1575.0,1.7156862745098038,39.0
#TekeTek_noncampaign_fulldata.json,#TekeTek,noncampaign,195.724,True,False,7739,7739,0,10682,10682,74,0,772,776,0.00017714134546800532,2.76056338028169,32.94147669624142,2604,0.003393665158371041,125,7382,0.9538700090450962,10682,0,1.0,9831,False,2023-05-11T04:18:22+00:00,2023-05-13T03:55:41+00:00,47.621944444444445,12684.0,1.1874180865006554,16.0
#Urfa_noncampaign_fulldata.json,#Urfa,noncampaign,68.508,True,False,3227,3227,0,3409,3409,45,0,772,776,0.0003231414420061973,2.1127982646420826,7.990987746599681,218,0.0023781212841854932,203,2435,0.7545708088007437,3409,0,1.0,3333,False,2023-03-19T04:00:01+00:00,2023-03-20T03:59:00+00:00,23.983055555555556,3731.0,1.0944558521560575,11.0
#Yargı_noncampaign_fulldata.json,#Yargı,noncampaign,175.461,True,False,5782,5782,0,9429,9429,105,0,772,776,0.0002789466872567855,3.261501210653753,12.88343162653204,287,0.010725010725010725,207,4339,0.7504323763403666,9429,0,1.0,8850,False,2023-05-01T04:00:03+00:00,2023-05-02T03:59:08+00:00,23.98472222222222,12000.0,1.2726694241170855,44.0
#YeniProfilResmi_noncampaign_fulldata.json,#YeniProfilResmi,noncampaign,43.782,True,False,1795,1795,0,2286,2286,22,0,772,776,0.0007030553718212674,2.547075208913649,10.256997669635142,310,0.0017667844522968198,103,1272,0.7086350974930362,2286,0,1.0,2247,False,2023-05-02T04:00:04+00:00,2023-05-03T03:49:26+00:00,23.822777777777777,2810.0,1.2292213473315836,11.0
#ankaragücü_noncampaign_fulldata.json,#ankaragücü,noncampaign,35.871,True,False,1567,1567,0,1869,1869,31,0,772,776,0.0007490050621005884,2.385449904275686,11.725949282325793,319,0.006528835690968444,75,1122,0.7160178685386088,1869,0,1.0,1817,False,2023-05-21T08:59:10+00:00,2023-05-22T03:53:39+00:00,18.908055555555556,2360.0,1.2627073301230605,18.0
#babalatv_noncampaign_fulldata.json,#babalatv,noncampaign,105.888,True,False,4635,4635,0,5560,5560,75,0,772,776,0.00025537058065729643,2.3991370010787487,12.3305918106498,409,0.0032816773017319964,184,3863,0.8334412081984898,5560,0,1.0,5371,False,2023-04-18T04:00:00+00:00,2023-04-19T03:57:02+00:00,23.950555555555557,6256.0,1.1251798561151078,38.0
#cashgrab___2023-03-21_campaign_fulldata.json,#cashgrab,campaign,9.844,True,False,454,454,0,490,490,17,0,772,776,0.0022998901109587576,2.158590308370044,6.357309002121285,75,0.004228329809725159,51,167,0.36784140969163,490,0,1.0,477,False,2023-03-21T12:31:56+00:00,2023-03-22T03:42:21+00:00,15.17361111111111,579.0,1.1816326530612244,9.0
#cumartesi_noncampaign_fulldata.json,#cumartesi,noncampaign,123.158,True,False,4909,4909,0,6367,6367,90,0,772,776,0.00026052808216301147,2.5940110002037073,10.878801039832034,436,0.006691094471881472,289,3560,0.7251986147891628,6367,0,1.0,5998,False,2023-03-18T04:10:36+00:00,2023-03-19T03:58:03+00:00,23.79083333333333,7301.0,1.146693890372232,19.0
#çekildi_noncampaign_fulldata.json,#çekildi,noncampaign,31.597,True,False,1393,1393,0,1641,1641,11,0,772,776,0.0008406152272033402,2.3560660445082555,8.350857483210854,141,0.0,89,795,0.5707106963388371,1641,0,1.0,1622,False,2023-05-12T04:02:20+00:00,2023-05-13T03:51:42+00:00,23.822777777777777,1828.0,1.1139549055453992,20.0
#izmirdeprem_noncampaign_fulldata.json,#izmirdeprem,noncampaign,15.927,True,False,818,818,0,735,735,26,0,772,776,0.0010608912683710756,1.7970660146699267,4.523277604954795,78,0.0,133,166,0.20293398533007334,735,0,1.0,693,False,2023-03-28T04:55:28+00:00,2023-03-29T03:59:35+00:00,23.06861111111111,807.0,1.0979591836734695,7.0
#lime___2023-03-17_campaign_fulldata.json,#lime,campaign,17.431,True,False,806,806,0,877,877,23,0,772,776,0.0013162153414607832,2.176178660049628,11.428545007151502,258,0.00702576112412178,68,335,0.41563275434243174,877,0,1.0,863,False,2023-03-17T04:02:47+00:00,2023-03-18T03:54:28+00:00,23.86138888888889,1018.0,1.160775370581528,8.0
#mevzularaçıkmikrofon_noncampaign_fulldata.json,#mevzularaçıkmikrofon,noncampaign,56.683,True,False,2324,2324,0,3013,3013,36,0,772,776,0.0005514339505491371,2.5929432013769365,11.668966084392466,339,0.0047027208599261005,101,1327,0.5709982788296041,3013,0,1.0,2939,False,2023-04-18T04:00:00+00:00,2023-04-19T03:56:08+00:00,23.935555555555556,3468.0,1.1510122801194822,33.0
#reynmen_noncampaign_fulldata.json,#reynmen,noncampaign,35.685,True,False,1743,1743,0,1813,1813,51,0,772,776,0.0005803104166707835,2.0803212851405624,15.325587763179193,450,0.029511918274687854,105,1055,0.6052782558806655,1813,0,1.0,1730,False,2023-05-17T15:53:27+00:00,2023-05-18T03:59:16+00:00,12.096944444444444,1988.0,1.0965250965250966,23.0
#sabitkur__2023-03-26_campaign_fulldata.json,#sabitkur,campaign,9.216,True,False,100,100,0,539,539,6,0,772,776,0.05383838383838384,10.78,13.378026760326053,53,0.13133208255159476,1,100,1.0,539,0,1.0,537,False,2023-03-26T04:02:49+00:00,2023-03-27T03:23:00+00:00,23.336388888888887,2185.0,4.053803339517625,195.0
#uyuyamıyorum_noncampaign_fulldata.json,#uyuyamıyorum,noncampaign,26.07,True,False,1214,1214,0,1302,1302,32,0,772,776,0.00086243075088518,2.1449752883031303,8.035366858537568,214,0.004724409448818898,110,853,0.7026359143327842,1302,0,1.0,1267,False,2023-05-13T08:59:58+00:00,2023-05-15T03:58:58+00:00,42.983333333333334,1420.0,1.0906298003072197,7.0
Abdulahat_Arvas___2023-05-13_campaign_fulldata.json,Abdulahat_Arvas,campaign,37.297,True,False,1624,1624,0,2016,2016,17,0,772,776,0.0007584173321313993,2.4827586206896552,15.558239490229353,445,0.0,27,1522,0.937192118226601,2016,0,1.0,1951,False,2023-05-13T07:45:03+00:00,2023-05-14T03:54:15+00:00,20.153333333333332,2291.0,1.1364087301587302,6.0
Akitavax___2023-03-24_campaign_fulldata.json,Akitavax,campaign,13.376,True,False,390,390,0,741,741,11,0,772,776,0.004811812009755455,3.8,8.956075147701814,77,0.021917808219178082,14,141,0.36153846153846153,741,0,1.0,721,False,2023-03-24T04:03:20+00:00,2023-03-25T03:52:25+00:00,23.818055555555556,1104.0,1.4898785425101215,28.0
Ali_Koç_noncampaign_fulldata.json,Ali_Koç,noncampaign,203.386,True,False,8352,8352,0,10201,10201,208,0,772,776,0.00014327384565410983,2.4427681992337167,16.661682599597096,1236,0.012008405884118884,658,6788,0.8127394636015326,10201,0,1.0,7673,False,2023-05-07T04:01:59+00:00,2023-05-08T03:59:58+00:00,23.96638888888889,11094.0,1.087540437212038,17.0
Amazon_noncampaign_fulldata.json,Amazon,noncampaign,96.726,True,False,4308,4308,0,4742,4742,128,0,772,776,0.00024867207816775565,2.201485608170845,9.834554208223732,303,0.029475509319462505,462,2847,0.6608635097493036,4742,0,1.0,4554,False,2023-04-25T04:01:53+00:00,2023-04-26T03:59:08+00:00,23.954166666666666,5632.0,1.18768452129903,31.0
Arsenal_noncampaign_fulldata.json,Arsenal,noncampaign,93.767,True,False,4415,4415,0,4638,4638,40,0,772,776,0.00023594236602265725,2.1010192525481313,11.78206158439875,501,0.022618529795563287,424,1803,0.4083805209513024,4638,0,1.0,4496,False,2023-04-27T04:00:06+00:00,2023-04-28T03:58:58+00:00,23.98111111111111,5472.0,1.1798188874514877,20.0
Asrın_Dayanışması___2023-03-21_campaign_fulldata.json,Asrın_Dayanışması,campaign,17.405,True,False,721,721,0,854,854,11,0,772,776,0.0016239019879796578,2.3689320388349513,5.802082948668649,94,0.004744958481613286,61,481,0.6671289875173371,854,0,1.0,824,False,2023-03-21T04:52:23+00:00,2023-03-22T03:52:07+00:00,22.995555555555555,1578.0,1.8477751756440282,20.0
Atam_noncampaign_fulldata.json,Atam,noncampaign,139.357,True,False,5981,5981,0,6652,6652,144,0,772,776,0.00018195858792530864,2.224377194449089,6.351342868157862,143,0.027043638598647817,774,2811,0.4699882962715265,6652,0,1.0,6286,False,2023-04-23T04:01:42+00:00,2023-04-24T03:57:26+00:00,23.92888888888889,7060.0,1.0613349368610945,52.0
Atilla_Karaoğlan_noncampaign_fulldata.json,Atilla_Karaoğlan,noncampaign,123.033,True,False,4564,4564,0,6701,6701,31,0,772,776,0.00032027993330494513,2.9364592462751973,13.039644710515404,357,0.0011994002998500749,94,4244,0.92988606485539,6701,0,1.0,6419,False,2023-04-16T04:00:14+00:00,2023-04-17T03:58:45+00:00,23.975277777777777,7428.0,1.1084912699597076,24.0
Bakan_Soylu_noncampaign_fulldata.json,Bakan_Soylu,noncampaign,166.82,True,False,6169,6169,0,9146,9146,70,0,772,776,0.00023852579495107435,2.9651483222564434,20.634777731209475,855,0.004627589246364037,101,5829,0.9448857189171664,9146,0,1.0,8128,False,2023-05-17T05:14:30+00:00,2023-05-18T03:56:24+00:00,22.698333333333334,10040.0,1.0977476492455718,14.0
Betimar_noncampaign_fulldata.json,Betimar,noncampaign,38.882,True,False,1773,1773,0,1988,1988,22,0,772,776,0.0006257646997411639,2.242526790750141,15.314483254025673,484,0.015259409969481181,70,1422,0.8020304568527918,1988,0,1.0,1910,False,2023-05-15T04:02:31+00:00,2023-05-16T03:54:45+00:00,23.870555555555555,2311.0,1.1624748490945673,10.0
CHP_Sözcüsü_Faik_Öztrak_noncampaign_fulldata.json,CHP_Sözcüsü_Faik_Öztrak,noncampaign,136.102,True,False,5787,5787,0,7299,7299,47,0,772,776,0.0002165837573769736,2.5225505443234835,17.761012628199175,768,0.001654715940430226,90,5445,0.9409020217729394,7299,0,1.0,6477,False,2023-05-15T04:00:40+00:00,2023-05-16T03:59:41+00:00,23.98361111111111,7773.0,1.0649404027949034,39.0
Cumhurbaşkanı_Manisada___2023-04-22_campaign_fulldata.json,Cumhurbaşkanı_Manisada,campaign,31.51,True,False,1102,1102,0,1718,1718,7,0,772,776,0.0014102012524499258,3.117967332123412,21.04378514302829,667,0.029222676797194622,16,982,0.8911070780399274,1718,0,1.0,1577,False,2023-04-22T22:57:16+00:00,2023-04-23T03:57:25+00:00,5.0025,2425.0,1.4115250291036088,13.0
Daum_noncampaign_fulldata.json,Daum,noncampaign,85.715,True,False,3193,3193,0,4630,4630,74,0,772,776,0.00044701481232049746,2.900093955527717,22.748472345207176,1198,0.009218612818261633,113,2149,0.6730347635452553,4630,0,1.0,4171,False,2023-05-01T04:00:41+00:00,2023-05-02T03:59:39+00:00,23.982777777777777,5612.0,1.2120950323974082,23.0
Deniz_Gezmiş_noncampaign_fulldata.json,Deniz_Gezmiş,noncampaign,124.018,True,False,5791,5791,0,6538,6538,47,0,772,776,0.00019358846688730564,2.257986530823692,18.728953850480803,959,0.005238021876444308,207,5024,0.8675530996373684,6538,0,1.0,6270,False,2023-04-19T04:00:13+00:00,2023-04-20T03:59:39+00:00,23.990555555555556,6873.0,1.0512389109819518,12.0
DenkliğimiziKimVerecek___2023-03-23_campaign_fulldata.json,DenkliğimiziKimVerecek,campaign,23.328,True,False,214,214,0,1389,1389,16,0,772,776,0.030121539204071783,12.981308411214954,18.619144658677808,80,0.1369264384559359,6,178,0.8317757009345794,1389,0,1.0,1307,False,2023-03-23T21:59:45+00:00,2023-03-24T03:59:28+00:00,5.995277777777778,6567.0,4.727861771058316,117.0
Dexgame___2023-03-26_campaign_fulldata.json,Dexgame,campaign,13.181,True,False,273,273,0,710,710,4,0,772,776,0.009507649213531566,5.201465201465202,10.419044167756857,87,0.031161473087818695,6,262,0.9597069597069597,710,0,1.0,706,False,2023-03-26T04:05:55+00:00,2023-03-27T03:45:48+00:00,23.664722222222224,1077.0,1.5169014084507042,10.0
Dijital_Sandık___2023-04-12_campaign_fulldata.json,Dijital_Sandık,campaign,33.516,True,False,1165,1165,0,1868,1868,7,0,772,776,0.0013723581552438683,3.2068669527896994,15.478495259743552,277,0.006448146157979581,15,1120,0.9613733905579399,1868,0,1.0,1757,False,2023-04-12T06:12:36+00:00,2023-04-13T03:58:41+00:00,21.768055555555556,3529.0,1.889186295503212,40.0
DiyanetYedeklerAkademiye___2023-03-23_campaign_fulldata.json,DiyanetYedeklerAkademiye,campaign,31.929,True,False,224,224,0,1943,1943,23,0,772,776,0.03843689942344651,17.348214285714285,24.866324697350866,112,0.18854166666666666,6,127,0.5669642857142857,1943,0,1.0,1717,False,2023-03-23T21:58:01+00:00,2023-03-24T03:18:02+00:00,5.333611111111111,7049.0,3.6278950077200207,35.0
Dünyanın_Sonu___2023-03-23_campaign_fulldata.json,Dünyanın_Sonu,campaign,14.696,True,False,518,518,0,759,759,22,0,772,776,0.0027519921136942415,2.9305019305019306,8.63541890087711,145,0.14111261872455902,52,157,0.3030888030888031,759,0,1.0,746,False,2023-03-23T05:33:47+00:00,2023-03-24T03:23:14+00:00,21.824166666666667,990.0,1.3043478260869565,8.0
Dzeko_noncampaign_fulldata.json,Dzeko,noncampaign,16.195,True,False,796,796,0,740,740,39,0,772,776,0.0011077399576498847,1.8592964824120604,5.130733244446257,93,0.017118402282453638,138,193,0.24246231155778894,740,0,1.0,720,False,2023-05-10T04:42:30+00:00,2023-05-11T03:56:33+00:00,23.234166666666667,963.0,1.3013513513513513,12.0
Emre_Belözoğlu_noncampaign_fulldata.json,Emre_Belözoğlu,noncampaign,59.597,True,False,2482,2482,0,3024,3024,82,0,772,776,0.0004777647753872217,2.436744560838034,8.826571690448583,255,0.008837525492861998,195,1978,0.7969379532634971,3024,0,1.0,2765,False,2023-05-08T04:27:33+00:00,2023-05-09T03:53:23+00:00,23.430555555555557,3464.0,1.1455026455026456,13.0
Ertuğrul_Altun23___2023-03-18_campaign_fulldata.json,Ertuğrul_Altun23,campaign,22.022,True,False,747,747,0,1206,1206,16,0,772,776,0.002135440780099845,3.2289156626506026,9.849867348143311,125,0.03697478991596639,18,365,0.4886211512717537,1206,0,1.0,1152,False,2023-03-18T19:56:51+00:00,2023-03-19T03:58:45+00:00,8.031666666666666,1885.0,1.5630182421227197,31.0
Esenyurt_noncampaign_fulldata.json,Esenyurt,noncampaign,72.951,True,False,3397,3397,0,3719,3719,37,0,772,776,0.0003191688918338186,2.189579040329703,17.641308127728813,873,0.012493210211841391,139,2875,0.846335001471887,3719,0,1.0,3620,False,2023-04-15T04:00:41+00:00,2023-04-16T03:57:57+00:00,23.954444444444444,4373.0,1.175853724119387,29.0
GSBtayiniOlumluAçıkla___2023-03-21_campaign_fulldata.json,GSBtayiniOlumluAçıkla,campaign,11.482,True,False,178,178,0,630,630,7,0,772,776,0.01977401129943503,7.078651685393258,10.045094637281192,46,0.05457463884430177,13,112,0.6292134831460674,630,0,1.0,624,False,2023-03-21T04:03:51+00:00,2023-03-22T03:15:05+00:00,23.18722222222222,1204.0,1.9111111111111112,30.0
GSBtayinlerOLUMLUolsun___2023-03-23_campaign_fulldata.json,GSBtayinlerOLUMLUolsun,campaign,25.613,True,False,267,267,0,1537,1537,12,0,772,776,0.021472219875531526,11.513108614232209,19.67285855550121,90,0.21901639344262294,8,106,0.3970037453183521,1537,0,1.0,1403,False,2023-03-23T20:31:04+00:00,2023-03-24T02:58:19+00:00,6.454166666666667,4130.0,2.687052700065062,33.0
Gelenekten_Geleceğe___2023-05-13_campaign_fulldata.json,Gelenekten_Geleceğe,campaign,4.196,True,False,214,214,0,206,206,4,0,772,776,0.004431573866877276,1.925233644859813,7.352539054835868,106,0.009900990099009901,24,154,0.719626168224299,206,0,1.0,204,False,2023-05-13T04:14:15+00:00,2023-05-14T03:56:41+00:00,23.70722222222222,230.0,1.116504854368932,5.0
Gomis_noncampaign_fulldata.json,Gomis,noncampaign,190.033,True,False,7323,7323,0,9755,9755,167,0,772,776,0.00017881719030748164,2.6642086576539667,10.358026789877165,274,0.013141426783479349,501,6069,0.8287587054485867,9755,0,1.0,9089,False,2023-04-24T04:00:00+00:00,2023-04-25T03:58:03+00:00,23.9675,10868.0,1.1140953357252692,18.0
Güzel_Kızlar__2023-03-26_campaign_fulldata.json,Güzel_Kızlar,campaign,19.944,True,False,701,701,0,995,995,35,0,772,776,0.001956388832280416,2.8388017118402282,9.3714582158767,196,0.09166666666666666,121,207,0.29529243937232524,995,0,1.0,971,False,2023-03-26T04:25:35+00:00,2023-03-27T03:52:47+00:00,23.453333333333333,1224.0,1.2301507537688443,12.0
Haaland_noncampaign_fulldata.json,Haaland,noncampaign,34.469,True,False,1654,1654,0,1645,1645,20,0,772,776,0.0005943537491102981,1.9891172914147521,8.783497088697741,211,0.0036923076923076922,185,332,0.2007255139056832,1645,0,1.0,1623,False,2023-04-27T04:00:06+00:00,2023-04-28T03:49:18+00:00,23.82,1931.0,1.1738601823708206,15.0
Icardi_noncampaign_fulldata.json,Icardi,noncampaign,42.746,True,False,2195,2195,0,1676,1676,37,0,772,776,0.0003403359337850381,1.5271070615034168,2.8000274266343492,64,0.03172666259914582,589,527,0.24009111617312073,1676,0,1.0,1657,False,2023-04-24T04:01:09+00:00,2023-04-25T03:59:14+00:00,23.968055555555555,1751.0,1.0447494033412887,8.0
İletişim_Başkanlığı___2023-05-13_campaign_fulldata.json,İletişim_Başkanlığı,campaign,28.418,True,False,1546,1546,0,1504,1504,3,0,772,776,0.0006284094667520734,1.945666235446313,35.976539681851065,1416,0.0,46,1431,0.925614489003881,1504,0,1.0,1479,False,2023-05-13T04:07:22+00:00,2023-05-14T03:55:12+00:00,23.79722222222222,1504.0,1.0,1.0
Jesus_noncampaign_fulldata.json,Jesus,noncampaign,187.872,True,False,7589,7589,0,9541,9541,202,0,772,776,0.00016217671541773868,2.51442877849519,10.425217445639811,443,0.012206874397687119,540,6056,0.7979971010673343,9541,0,1.0,8925,False,2023-04-25T04:00:01+00:00,2023-04-26T03:59:13+00:00,23.986666666666668,10607.0,1.1117283303636936,17.0
Kudüs_noncampaign_fulldata.json,Kudüs,noncampaign,87.362,True,False,4185,4185,0,4423,4423,52,0,772,776,0.0002496282132993414,2.1137395459976105,27.91042105271024,1738,0.02196293754289636,226,3573,0.853763440860215,4423,0,1.0,4087,False,2023-03-30T04:10:55+00:00,2023-03-31T03:59:29+00:00,23.809444444444445,4835.0,1.093149446077323,24.0
Kızlara_Tehdit___2023-03-20_campaign_fulldata.json,Kızlara_Tehdit,campaign,18.976,True,False,514,514,0,1054,1054,19,0,772,776,0.00392518260632125,4.101167315175097,10.533136456816651,110,0.09082125603864734,12,242,0.4708171206225681,1054,0,1.0,1036,False,2023-03-20T08:52:19+00:00,2023-03-21T03:13:56+00:00,18.360277777777778,1320.0,1.252371916508539,9.0
Malatyanın_Kahramanı___2023-03-24_campaign_fulldata.json,Malatyanın_Kahramanı,campaign,8.009,True,False,175,175,0,459,459,8,0,772,776,0.014811165845648604,5.2457142857142856,11.129480615712048,81,0.30155210643015523,5,114,0.6514285714285715,459,0,1.0,423,False,2023-03-24T22:20:13+00:00,2023-03-25T03:39:35+00:00,5.322777777777778,1387.0,3.0217864923747277,20.0
Manchester_noncampaign_fulldata.json,Manchester,noncampaign,38.133,True,False,1720,1720,0,1862,1862,25,0,772,776,0.0006213049772041614,2.1651162790697676,6.890130579683075,144,0.004354926510615134,184,475,0.2761627906976744,1862,0,1.0,1827,False,2023-04-27T04:00:25+00:00,2023-04-28T03:59:18+00:00,23.98138888888889,2289.0,1.2293233082706767,16.0
Maradona_noncampaign_fulldata.json,Maradona,noncampaign,32.758,True,False,1589,1589,0,1600,1600,31,0,772,776,0.0006217968939481606,2.013845185651353,6.9798638461981195,145,0.0025493945188017845,165,580,0.36500943989930773,1600,0,1.0,1581,False,2023-05-05T04:00:00+00:00,2023-05-06T03:54:17+00:00,23.904722222222222,1711.0,1.069375,8.0
MebHazirandaDepremeTayin___2023-05-23_campaign_fulldata.json,MebHazirandaDepremeTayin,campaign,108.944,True,False,775,775,0,6746,6746,49,0,772,776,0.011164457781111945,17.409032258064517,39.66978759018723,213,0.32402568314170527,4,638,0.8232258064516129,6746,0,1.0,5262,False,2023-05-23T18:10:17+00:00,2023-05-24T03:52:25+00:00,9.702222222222222,25789.0,3.8228579899199526,117.0
MilliYolPartisi_RemziÇayır___2023-05-13_campaign_fulldata.json,MilliYolPartisi_RemziÇayır,campaign,11.393,True,False,208,208,0,664,664,18,0,772,776,0.015003716090672612,6.384615384615385,13.690119747402681,128,0.13622291021671826,7,128,0.6153846153846154,664,0,1.0,659,False,2023-05-13T06:03:03+00:00,2023-05-14T03:52:20+00:00,21.82138888888889,4269.0,6.429216867469879,104.0
Milliyol_Partisi_noncampaign_fulldata.json,Milliyol_Partisi,noncampaign,10.361,True,False,433,433,0,547,547,5,0,772,776,0.002897528013001454,2.5265588914549655,11.100833725711107,207,0.01845018450184502,15,222,0.5127020785219399,547,0,1.0,537,False,2023-05-12T17:53:12+00:00,2023-05-13T03:26:21+00:00,9.5525,1082.0,1.9780621572212065,31.0
Murat_Bardakçı_noncampaign_fulldata.json,Murat_Bardakçı,noncampaign,129.223,True,False,4909,4909,0,7053,7053,59,0,772,776,0.0002902873039108017,2.8734976573640254,19.363251658179838,978,0.0028595939376608523,95,4584,0.9337950702790793,7053,0,1.0,5987,False,2023-05-10T04:01:43+00:00,2023-05-11T03:59:57+00:00,23.970555555555556,7748.0,1.098539628526868,29.0
Napoli_noncampaign_fulldata.json,Napoli,noncampaign,139.739,True,False,6128,6128,0,7174,7174,75,0,772,776,0.00018907344583172288,2.3413838120104438,10.039281733248105,311,0.005071136779828145,385,4709,0.7684399477806788,7174,0,1.0,6847,False,2023-05-05T04:00:00+00:00,2023-05-06T03:59:40+00:00,23.994444444444444,7847.0,1.0938109841092836,17.0
Osman_Gökçek___2023-03-21_campaign_fulldata.json,Osman_Gökçek,campaign,18.568,True,False,852,852,0,884,884,8,0,772,776,0.0012081892057397262,2.075117370892019,11.349401366204326,304,0.0,56,631,0.7406103286384976,884,0,1.0,873,False,2023-03-21T04:46:46+00:00,2023-03-22T03:57:37+00:00,23.180833333333332,1221.0,1.3812217194570136,9.0
Özür_Dilerim___2023-03-26_campaign_fulldata.json,Özür_Dilerim,campaign,47.355,True,False,2519,2519,0,1749,1749,116,0,772,776,0.0002574555696011346,1.388646288209607,4.4792546062539245,152,0.013472137170851195,901,164,0.06510520047637952,1749,0,1.0,1730,False,2023-03-26T04:00:15+00:00,2023-03-27T03:59:51+00:00,23.993333333333332,1763.0,1.0080045740423098,3.0
PopiGram_Açıldı__2023-03-20_campaign_fulldata.json,PopiGram_Açıldı,campaign,22.164,True,False,773,773,0,1230,1230,8,0,772,776,0.0020477381040157117,3.182406209573092,12.500312064640212,238,0.019639934533551555,15,433,0.5601552393272963,1230,0,1.0,1209,False,2023-03-20T04:36:50+00:00,2023-03-21T03:47:15+00:00,23.17361111111111,1663.0,1.3520325203252033,12.0
Sevilla_noncampaign_fulldata.json,Sevilla,noncampaign,51.437,True,False,2613,2613,0,2409,2409,29,0,772,776,0.00034870997820416117,1.843857634902411,7.545202319266745,206,0.0033613445378151263,365,746,0.28549559892843474,2409,0,1.0,2376,False,2023-04-21T04:00:01+00:00,2023-04-22T03:57:14+00:00,23.953611111111112,2509.0,1.04151100041511,5.0
Sloukas_noncampaign_fulldata.json,Sloukas,noncampaign,38.091,True,False,1550,1550,0,1899,1899,59,0,772,776,0.0007663633145213353,2.450322580645161,6.371695213672868,134,0.011956521739130435,164,910,0.5870967741935483,1899,0,1.0,1851,False,2023-05-05T04:03:42+00:00,2023-05-06T03:52:47+00:00,23.818055555555556,2126.0,1.119536598209584,21.0
Sonuçlar_Açıklandı___2023-03-24_campaign_fulldata.json,Sonuçlar_Açıklandı,campaign,12.332,True,False,313,313,0,665,665,28,0,772,776,0.0065228966986155485,4.2492012779552715,10.994125980327325,141,0.15070643642072212,16,142,0.4536741214057508,665,0,1.0,656,False,2023-03-24T08:50:22+00:00,2023-03-25T03:55:36+00:00,19.087222222222223,1019.0,1.5323308270676692,13.0
ŞartsızTayin_Şart___2023-03-23_campaign_fulldata.json,ŞartsızTayin_Şart,campaign,67.186,True,False,351,351,0,4178,4178,21,0,772,776,0.03383801383801384,23.806267806267805,36.420730228047795,178,0.1987009862881886,6,298,0.8490028490028491,4178,0,1.0,2529,False,2023-03-23T21:40:00+00:00,2023-03-24T03:48:43+00:00,6.145277777777777,7814.0,1.8702728578267114,28.0
ŞartsızTayin_Şart___2023-03-24_campaign_fulldata.json,ŞartsızTayin_Şart,campaign,15.515,True,False,333,333,0,853,853,3,0,772,776,0.007688411302869134,5.123123123123123,8.134742152382065,67,0.009411764705882352,9,242,0.7267267267267268,853,0,1.0,838,False,2023-03-24T04:01:00+00:00,2023-03-25T03:59:38+00:00,23.977222222222224,1102.0,1.2919109026963658,13.0
Tapuma_YapıKayıt___2023-04-19_campaign_fulldata.json,Tapuma_YapıKayıt,campaign,20.045,True,False,169,169,0,1186,1186,14,0,772,776,0.041279233586925895,14.035502958579881,16.48628387805995,79,0.08020477815699659,1,169,1.0,1186,0,1.0,1170,False,2023-04-19T04:07:01+00:00,2023-04-20T03:58:56+00:00,23.865277777777777,6413.0,5.40725126475548,183.0
Tapuma_YapıKayıt___2023-04-22_campaign_fulldata.json,Tapuma_YapıKayıt,campaign,20.564,True,False,200,200,0,1182,1182,13,0,772,776,0.02937185929648241,11.82,16.663060943296102,76,0.0855431993156544,2,198,0.99,1182,0,1.0,1170,False,2023-04-22T04:00:00+00:00,2023-04-23T03:36:28+00:00,23.607777777777777,7310.0,6.1844331641285955,210.0
Ters_Kelepçe___2023-03-22_campaign_fulldata.json,Ters_Kelepçe,campaign,18.652,True,False,581,581,0,972,972,30,0,772,776,0.0027954181257047895,3.3459552495697076,9.00157406342579,120,0.09766454352441614,55,155,0.2667814113597246,972,0,1.0,951,False,2023-03-22T04:24:06+00:00,2023-03-23T03:58:30+00:00,23.573333333333334,1312.0,1.3497942386831276,8.0
Teşekkür_Etti___2023-05-01_campaign_fulldata.json,Teşekkür_Etti,campaign,31.457,True,False,1671,1671,0,1579,1579,15,0,772,776,0.000560458974331409,1.8898862956313585,11.707734994200722,366,0.0012787723785166241,146,644,0.38539796529024534,1579,0,1.0,1526,False,2023-05-01T04:06:22+00:00,2023-05-02T03:53:47+00:00,23.790277777777778,1631.0,1.0329322355921469,3.0
Tüm_İslam_noncampaign_fulldata.json,Tüm_İslam,noncampaign,40.18,True,False,2065,2065,0,1894,1894,25,0,772,776,0.000438510051241624,1.8343825665859563,7.581721323454468,198,0.001070090957731407,299,616,0.2983050847457627,1894,0,1.0,1864,False,2023-04-17T04:00:08+00:00,2023-04-18T03:59:38+00:00,23.991666666666667,2004.0,1.058078141499472,7.0
Yakup_Türkal___2023-03-22_campaign_fulldata.json,Yakup_Türkal,campaign,25.13,True,False,1093,1093,0,1287,1287,17,0,772,776,0.0010640472671579716,2.3549862763037512,8.39249137923831,138,0.0031496062992125984,67,441,0.40347666971637697,1287,0,1.0,1249,False,2023-03-22T04:25:28+00:00,2023-03-23T03:59:48+00:00,23.572222222222223,1504.0,1.1686091686091686,29.0
YapıKayıt_YoksaOyyok___2023-05-01_campaign_fulldata.json,YapıKayıt_YoksaOyyok,campaign,9.683,True,False,131,131,0,546,546,6,0,772,776,0.031708749266001174,8.335877862595419,11.21109775084383,55,0.044444444444444446,1,131,1.0,546,0,1.0,542,False,2023-05-01T05:23:56+00:00,2023-05-02T03:21:09+00:00,21.953611111111112,4338.0,7.945054945054945,290.0
Yarısı_Bizden___2023-05-01_campaign_fulldata.json,Yarısı_Bizden,campaign,37.361,True,False,1908,1908,0,1976,1976,7,0,772,776,0.0005411487414237956,2.0712788259958073,32.313894711816545,1407,0.001015744032503809,39,1786,0.9360587002096437,1976,0,1.0,1941,False,2023-05-01T04:02:06+00:00,2023-05-02T03:50:43+00:00,23.810277777777777,2769.0,1.4013157894736843,77.0
Yunus_Filiz___2023-03-22_campaign_fulldata.json,Yunus_Filiz,campaign,18.769,True,False,294,294,0,1009,1009,15,0,772,776,0.011539086624410857,6.863945578231292,15.47881565534897,173,0.05835010060362173,6,260,0.8843537414965986,1009,0,1.0,702,False,2023-03-22T23:05:54+00:00,2023-03-23T03:55:36+00:00,4.828333333333333,1393.0,1.3805748265609514,24.0
