file,topic,label,nodes,edges,interaction_count_sum,interactions_with_individual_timestamp,interactions_without_individual_timestamp,individual_timestamp_share,missing_individual_timestamp_share
#Afittifakı___2023-05-23_campaign_fulldata.json,#Afittifakı,campaign,288,1102,1703.0,1102,601.0,0.6470933646506165,0.3529066353493835
#AsstanHekimeKalıcıNakil___2023-03-18_campaign_fulldata.json,#AsstanHekimeKalıcıNakil,campaign,420,1398,2562.0,1398,1164.0,0.5456674473067916,0.4543325526932084
#BirOyKemaleBirOyMerale___2023-05-13_campaign_fulldata.json,#BirOyKemaleBirOyMerale,campaign,815,800,948.0,800,148.0,0.8438818565400844,0.1561181434599156
#FetöİleUluslararasıMücadele___2023-04-12_campaign_fulldata.json,#FetöİleUluslararasıMücadele,campaign,1139,1741,3189.0,1741,1448.0,0.5459391658827218,0.45406083411727816
#FlokiCash___2023-04-12_campaign_fulldata.json,#FlokiCash,campaign,584,745,1146.0,745,401.0,0.650087260034904,0.349912739965096
#KalıcıNakilŞart___2023-03-24_campaign_fulldata.json,#KalıcıNakilŞart,campaign,235,966,2246.0,966,1280.0,0.4300979519145147,0.5699020480854853
#KayıpCanlarımızNerede___2023-05-13_campaign_fulldata.json,#KayıpCanlarımızNerede,campaign,632,782,1069.0,782,287.0,0.7315247895229187,0.26847521047708134
#KocaAsistnHekimeSahipÇık___2023-03-21_campaign_fulldata.json,#KocaAsistnHekimeSahipÇık,campaign,405,813,1581.0,813,768.0,0.5142314990512334,0.48576850094876656
#LunaticsToken___2023-03-17_campaign_fulldata.json,#LunaticsToken,campaign,949,1361,1798.0,1361,437.0,0.756952169076752,0.243047830923248
#Mazi__2023-03-26_campaign_fulldata.json,#Mazi,campaign,1255,1307,1320.0,1307,13.0,0.9901515151515151,0.009848484848484884
#MetaAirdrop___2023-03-23_campaign_fulldata.json,#MetaAirdrop,campaign,498,485,559.0,485,74.0,0.8676207513416816,0.1323792486583184
#Metatime___2023-03-22_campaign_fulldata.json,#Metatime,campaign,1590,1603,1895.0,1603,292.0,0.845910290237467,0.154089709762533
#PerinçekCNNde___2023-03-18_campaign_fulldata.json,#PerinçekCNNde,campaign,546,1677,2373.0,1677,696.0,0.706700379266751,0.293299620733249
#ReisAiledekiEkDersliyeMüjde___2023-04-12_campaign_fulldata.json,#ReisAiledekiEkDersliyeMüjde,campaign,345,2049,6459.0,2049,4410.0,0.31723176962378075,0.6827682303762193
#SesimiziDuyanVarMı___2023-03-23_campaign_fulldata.json,#SesimiziDuyanVarMı,campaign,356,1435,2740.0,1435,1305.0,0.5237226277372263,0.47627737226277367
#SquidGrow___2023-05-13_campaign_fulldata.json,#SquidGrow,campaign,273,918,1575.0,918,657.0,0.5828571428571429,0.41714285714285715
#cashgrab___2023-03-21_campaign_fulldata.json,#cashgrab,campaign,454,490,579.0,490,89.0,0.846286701208981,0.15371329879101903
#lime___2023-03-17_campaign_fulldata.json,#lime,campaign,806,877,1018.0,877,141.0,0.8614931237721022,0.1385068762278978
#sabitkur__2023-03-26_campaign_fulldata.json,#sabitkur,campaign,100,539,2185.0,539,1646.0,0.24668192219679633,0.7533180778032037
Abdulahat_Arvas___2023-05-13_campaign_fulldata.json,Abdulahat_Arvas,campaign,1624,2016,2291.0,2016,275.0,0.8799650807507639,0.12003491924923615
Akitavax___2023-03-24_campaign_fulldata.json,Akitavax,campaign,390,741,1104.0,741,363.0,0.6711956521739131,0.3288043478260869
Asrın_Dayanışması___2023-03-21_campaign_fulldata.json,Asrın_Dayanışması,campaign,721,854,1578.0,854,724.0,0.541191381495564,0.458808618504436
Cumhurbaşkanı_Manisada___2023-04-22_campaign_fulldata.json,Cumhurbaşkanı_Manisada,campaign,1102,1718,2425.0,1718,707.0,0.7084536082474227,0.29154639175257735
DenkliğimiziKimVerecek___2023-03-23_campaign_fulldata.json,DenkliğimiziKimVerecek,campaign,214,1389,6567.0,1389,5178.0,0.2115121059844678,0.7884878940155322
Dexgame___2023-03-26_campaign_fulldata.json,Dexgame,campaign,273,710,1077.0,710,367.0,0.659238625812442,0.34076137418755803
Dijital_Sandık___2023-04-12_campaign_fulldata.json,Dijital_Sandık,campaign,1165,1868,3529.0,1868,1661.0,0.5293284216491924,0.47067157835080764
DiyanetYedeklerAkademiye___2023-03-23_campaign_fulldata.json,DiyanetYedeklerAkademiye,campaign,224,1943,7049.0,1943,5106.0,0.27564193502624484,0.7243580649737551
Dünyanın_Sonu___2023-03-23_campaign_fulldata.json,Dünyanın_Sonu,campaign,518,759,990.0,759,231.0,0.7666666666666667,0.23333333333333328
Ertuğrul_Altun23___2023-03-18_campaign_fulldata.json,Ertuğrul_Altun23,campaign,747,1206,1885.0,1206,679.0,0.6397877984084881,0.3602122015915119
GSBtayiniOlumluAçıkla___2023-03-21_campaign_fulldata.json,GSBtayiniOlumluAçıkla,campaign,178,630,1204.0,630,574.0,0.5232558139534884,0.4767441860465116
GSBtayinlerOLUMLUolsun___2023-03-23_campaign_fulldata.json,GSBtayinlerOLUMLUolsun,campaign,267,1537,4130.0,1537,2593.0,0.3721549636803874,0.6278450363196126
Gelenekten_Geleceğe___2023-05-13_campaign_fulldata.json,Gelenekten_Geleceğe,campaign,214,206,230.0,206,24.0,0.8956521739130435,0.10434782608695647
Güzel_Kızlar__2023-03-26_campaign_fulldata.json,Güzel_Kızlar,campaign,701,995,1224.0,995,229.0,0.8129084967320261,0.18709150326797386
İletişim_Başkanlığı___2023-05-13_campaign_fulldata.json,İletişim_Başkanlığı,campaign,1546,1504,1504.0,1504,0.0,1.0,0.0
Kızlara_Tehdit___2023-03-20_campaign_fulldata.json,Kızlara_Tehdit,campaign,514,1054,1320.0,1054,266.0,0.7984848484848485,0.20151515151515154
Malatyanın_Kahramanı___2023-03-24_campaign_fulldata.json,Malatyanın_Kahramanı,campaign,175,459,1387.0,459,928.0,0.330930064888248,0.669069935111752
MebHazirandaDepremeTayin___2023-05-23_campaign_fulldata.json,MebHazirandaDepremeTayin,campaign,775,6746,25789.0,6746,19043.0,0.261584396448098,0.7384156035519021
MilliYolPartisi_RemziÇayır___2023-05-13_campaign_fulldata.json,MilliYolPartisi_RemziÇayır,campaign,208,664,4269.0,664,3605.0,0.155539939095807,0.844460060904193
Osman_Gökçek___2023-03-21_campaign_fulldata.json,Osman_Gökçek,campaign,852,884,1221.0,884,337.0,0.723996723996724,0.276003276003276
Özür_Dilerim___2023-03-26_campaign_fulldata.json,Özür_Dilerim,campaign,2519,1749,1763.0,1749,14.0,0.9920589903573455,0.00794100964265454
PopiGram_Açıldı__2023-03-20_campaign_fulldata.json,PopiGram_Açıldı,campaign,773,1230,1663.0,1230,433.0,0.7396271797955503,0.26037282020444974
Sonuçlar_Açıklandı___2023-03-24_campaign_fulldata.json,Sonuçlar_Açıklandı,campaign,313,665,1019.0,665,354.0,0.6526005888125613,0.34739941118743867
ŞartsızTayin_Şart___2023-03-23_campaign_fulldata.json,ŞartsızTayin_Şart,campaign,351,4178,7814.0,4178,3636.0,0.534681341182493,0.465318658817507
ŞartsızTayin_Şart___2023-03-24_campaign_fulldata.json,ŞartsızTayin_Şart,campaign,333,853,1102.0,853,249.0,0.7740471869328494,0.22595281306715065
Tapuma_YapıKayıt___2023-04-19_campaign_fulldata.json,Tapuma_YapıKayıt,campaign,169,1186,6413.0,1186,5227.0,0.18493684702947139,0.8150631529705286
Tapuma_YapıKayıt___2023-04-22_campaign_fulldata.json,Tapuma_YapıKayıt,campaign,200,1182,7310.0,1182,6128.0,0.16169630642954858,0.8383036935704514
Ters_Kelepçe___2023-03-22_campaign_fulldata.json,Ters_Kelepçe,campaign,581,972,1312.0,972,340.0,0.7408536585365854,0.25914634146341464
Teşekkür_Etti___2023-05-01_campaign_fulldata.json,Teşekkür_Etti,campaign,1671,1579,1631.0,1579,52.0,0.9681177191906806,0.03188228080931943
Yakup_Türkal___2023-03-22_campaign_fulldata.json,Yakup_Türkal,campaign,1093,1287,1504.0,1287,217.0,0.855718085106383,0.14428191489361697
YapıKayıt_YoksaOyyok___2023-05-01_campaign_fulldata.json,YapıKayıt_YoksaOyyok,campaign,131,546,4338.0,546,3792.0,0.12586445366528354,0.8741355463347165
Yarısı_Bizden___2023-05-01_campaign_fulldata.json,Yarısı_Bizden,campaign,1908,1976,2769.0,1976,793.0,0.7136150234741784,0.2863849765258216
Yunus_Filiz___2023-03-22_campaign_fulldata.json,Yunus_Filiz,campaign,294,1009,1393.0,1009,384.0,0.7243359655419956,0.27566403445800436
#ARMvTUR_noncampaign_fulldata.json,#ARMvTUR,noncampaign,3405,3769,4869.0,3769,1100.0,0.7740809201067981,0.22591907989320192
#BeşiktaşınMaçıVar_noncampaign_fulldata.json,#BeşiktaşınMaçıVar,noncampaign,4735,6188,7100.0,6188,912.0,0.8715492957746479,0.1284507042253521
#BugünGünlerdenGALATASARAY_noncampaign_fulldata.json,#BugünGünlerdenGALATASARAY,noncampaign,5496,7498,8223.0,7498,725.0,0.9118326644776845,0.08816733552231548
#ChampionsLeague_noncampaign_fulldata.json,#ChampionsLeague,noncampaign,631,619,664.0,619,45.0,0.9322289156626506,0.06777108433734935
#Çarşamba_noncampaign_fulldata.json,#Çarşamba,noncampaign,4961,6187,7068.0,6187,881.0,0.8753537068477646,0.12464629315223541
#ErdenTimurSezonu_noncampaign_fulldata.json,#ErdenTimurSezonu,noncampaign,3422,4809,5723.0,4809,914.0,0.8402935523326927,0.15970644766730735
#Eurovision2023_noncampaign_fulldata.json,#Eurovision2023,noncampaign,1477,1785,1998.0,1785,213.0,0.8933933933933934,0.10660660660660659
#GüldürGüldürShow_noncampaign_fulldata.json,#GüldürGüldürShow,noncampaign,4923,6089,6738.0,6089,649.0,0.9036806173938854,0.09631938260611461
#HaramBahçeKollanıyor_noncampaign_fulldata.json,#HaramBahçeKollanıyor,noncampaign,2880,4468,5393.0,4468,925.0,0.8284813647320601,0.17151863526793987
#KadıköydeHaramPenaltılar_noncampaign_fulldata.json,#KadıköydeHaramPenaltılar,noncampaign,4661,7419,8501.0,7419,1082.0,0.8727208563698389,0.12727914363016113
#MayThe4thBeWithYou_noncampaign_fulldata.json,#MayThe4thBeWithYou,noncampaign,885,829,882.0,829,53.0,0.9399092970521542,0.0600907029478458
#MilanInter_noncampaign_fulldata.json,#MilanInter,noncampaign,1390,1468,1814.0,1468,346.0,0.8092613009922822,0.19073869900771778
#RealMadridManCity_noncampaign_fulldata.json,#RealMadridManCity,noncampaign,468,427,490.0,427,63.0,0.8714285714285714,0.12857142857142856
#TekeTek_noncampaign_fulldata.json,#TekeTek,noncampaign,7739,10682,12684.0,10682,2002.0,0.8421633554083885,0.1578366445916115
#Urfa_noncampaign_fulldata.json,#Urfa,noncampaign,3227,3409,3731.0,3409,322.0,0.9136960600375235,0.08630393996247654
#Yargı_noncampaign_fulldata.json,#Yargı,noncampaign,5782,9429,12000.0,9429,2571.0,0.78575,0.21425000000000005
#YeniProfilResmi_noncampaign_fulldata.json,#YeniProfilResmi,noncampaign,1795,2286,2810.0,2286,524.0,0.8135231316725978,0.18647686832740218
#ankaragücü_noncampaign_fulldata.json,#ankaragücü,noncampaign,1567,1869,2360.0,1869,491.0,0.7919491525423729,0.20805084745762714
#babalatv_noncampaign_fulldata.json,#babalatv,noncampaign,4635,5560,6256.0,5560,696.0,0.8887468030690537,0.11125319693094626
#cumartesi_noncampaign_fulldata.json,#cumartesi,noncampaign,4909,6367,7301.0,6367,934.0,0.8720723188604301,0.12792768113956987
#çekildi_noncampaign_fulldata.json,#çekildi,noncampaign,1393,1641,1828.0,1641,187.0,0.8977024070021882,0.10229759299781183
#izmirdeprem_noncampaign_fulldata.json,#izmirdeprem,noncampaign,818,735,807.0,735,72.0,0.9107806691449815,0.08921933085501854
#mevzularaçıkmikrofon_noncampaign_fulldata.json,#mevzularaçıkmikrofon,noncampaign,2324,3013,3468.0,3013,455.0,0.868800461361015,0.13119953863898504
#reynmen_noncampaign_fulldata.json,#reynmen,noncampaign,1743,1813,1988.0,1813,175.0,0.9119718309859155,0.0880281690140845
#uyuyamıyorum_noncampaign_fulldata.json,#uyuyamıyorum,noncampaign,1214,1302,1420.0,1302,118.0,0.9169014084507042,0.08309859154929577
Ali_Koç_noncampaign_fulldata.json,Ali_Koç,noncampaign,8352,10201,11094.0,10201,893.0,0.9195060393005228,0.08049396069947723
Amazon_noncampaign_fulldata.json,Amazon,noncampaign,4308,4742,5632.0,4742,890.0,0.8419744318181818,0.15802556818181823
Arsenal_noncampaign_fulldata.json,Arsenal,noncampaign,4415,4638,5472.0,4638,834.0,0.8475877192982456,0.1524122807017544
Atam_noncampaign_fulldata.json,Atam,noncampaign,5981,6652,7060.0,6652,408.0,0.9422096317280453,0.05779036827195472
Atilla_Karaoğlan_noncampaign_fulldata.json,Atilla_Karaoğlan,noncampaign,4564,6701,7428.0,6701,727.0,0.9021270866989769,0.0978729133010231
Bakan_Soylu_noncampaign_fulldata.json,Bakan_Soylu,noncampaign,6169,9146,10040.0,9146,894.0,0.9109561752988048,0.0890438247011952
Betimar_noncampaign_fulldata.json,Betimar,noncampaign,1773,1988,2311.0,1988,323.0,0.860233665080052,0.13976633491994805
CHP_Sözcüsü_Faik_Öztrak_noncampaign_fulldata.json,CHP_Sözcüsü_Faik_Öztrak,noncampaign,5787,7299,7773.0,7299,474.0,0.9390196835198765,0.060980316480123475
Daum_noncampaign_fulldata.json,Daum,noncampaign,3193,4630,5612.0,4630,982.0,0.8250178189593728,0.17498218104062724
Deniz_Gezmiş_noncampaign_fulldata.json,Deniz_Gezmiş,noncampaign,5791,6538,6873.0,6538,335.0,0.9512585479412192,0.048741452058780776
Dzeko_noncampaign_fulldata.json,Dzeko,noncampaign,796,740,963.0,740,223.0,0.7684319833852544,0.23156801661474558
Emre_Belözoğlu_noncampaign_fulldata.json,Emre_Belözoğlu,noncampaign,2482,3024,3464.0,3024,440.0,0.8729792147806005,0.12702078521939952
Esenyurt_noncampaign_fulldata.json,Esenyurt,noncampaign,3397,3719,4373.0,3719,654.0,0.8504459181340042,0.14955408186599584
Gomis_noncampaign_fulldata.json,Gomis,noncampaign,7323,9755,10868.0,9755,1113.0,0.8975892528524108,0.10241074714758924
Haaland_noncampaign_fulldata.json,Haaland,noncampaign,1654,1645,1931.0,1645,286.0,0.8518902123252201,0.1481097876747799
Icardi_noncampaign_fulldata.json,Icardi,noncampaign,2195,1676,1751.0,1676,75.0,0.9571673329525985,0.04283266704740152
Jesus_noncampaign_fulldata.json,Jesus,noncampaign,7589,9541,10607.0,9541,1066.0,0.899500329970774,0.100499670029226
Kudüs_noncampaign_fulldata.json,Kudüs,noncampaign,4185,4423,4835.0,4423,412.0,0.9147880041365046,0.08521199586349537
Manchester_noncampaign_fulldata.json,Manchester,noncampaign,1720,1862,2289.0,1862,427.0,0.8134556574923547,0.1865443425076453
Maradona_noncampaign_fulldata.json,Maradona,noncampaign,1589,1600,1711.0,1600,111.0,0.9351256575102279,0.06487434248977209
Milliyol_Partisi_noncampaign_fulldata.json,Milliyol_Partisi,noncampaign,433,547,1082.0,547,535.0,0.5055452865064695,0.49445471349353054
Murat_Bardakçı_noncampaign_fulldata.json,Murat_Bardakçı,noncampaign,4909,7053,7748.0,7053,695.0,0.9102994321115127,0.08970056788848735
Napoli_noncampaign_fulldata.json,Napoli,noncampaign,6128,7174,7847.0,7174,673.0,0.91423473939085,0.08576526060915002
Sevilla_noncampaign_fulldata.json,Sevilla,noncampaign,2613,2409,2509.0,2409,100.0,0.9601434834595456,0.03985651654045441
Sloukas_noncampaign_fulldata.json,Sloukas,noncampaign,1550,1899,2126.0,1899,227.0,0.8932267168391346,0.10677328316086543
Tüm_İslam_noncampaign_fulldata.json,Tüm_İslam,noncampaign,2065,1894,2004.0,1894,110.0,0.9451097804391217,0.05489021956087825
